<?xml version="1.0" encoding="UTF-8"?>
<project-private xmlns="http://www.netbeans.org/ns/project-private/1">
    <editor-bookmarks xmlns="http://www.netbeans.org/ns/editor-bookmarks/2" lastBookmarkId="0"/>
    <open-files xmlns="http://www.netbeans.org/ns/projectui-open-files/2">
        <group>
            <file>file:/C:/Users/Dell/Desktop/PMRS/src/forms/entry/police.java</file>
            <file>file:/C:/Users/Dell/Desktop/PMRS/src/main/main_page.java</file>
            <file>file:/C:/Users/Dell/Desktop/PMRS/src/forms/entry/crime.java</file>
            <file>file:/C:/Users/Dell/Desktop/PMRS/src/database/DBConnection.java</file>
            <file>file:/C:/Users/Dell/Desktop/PMRS/src/form/show/show_criminal.java</file>
            <file>file:/C:/Users/Dell/Desktop/PMRS/src/forms/entry/criminal.java</file>
            <file>file:/C:/Users/Dell/Desktop/PMRS/src/form/remove/remove_criminal.java</file>
            <file>file:/C:/Users/Dell/Desktop/PMRS/src/auth/login.java</file>
        </group>
    </open-files>
</project-private>
